<?xml version="1.0" encoding="UTF-8"?>

<!DOCTYPE hibernate-configuration PUBLIC
"-//Hibernate/Hibernate Configuration DTD//EN"
"http://hibernate.sourceforge.net/hibernate-configuration-3.0.dtd">

<hibernate-configuration>
  <session-factory>
  <property name="hibernate.connection.driver_class">com.mysql.jdbc.Driver</property>

		<property name="hibernate.connection.url">jdbc:mysql://localhost/hibernate_db</property>

		<property name="hibernate.connection.username">root</property>

		<property name="hibernate.connection.password">root</property>

		<property name="hibernate.connection.pool_size">10</property>

		<property name="show_sql">true</property>

		<property name="dialect">org.hibernate.dialect.MySQLDialect</property> <!-- it declare which type of databse it used -->

		<property name="hibernate.hbm2ddl.auto">update</property>
	
		
		<mapping resource="Vo/reg_Vo.hbm.xml"></mapping>
	
  </session-factory>
</hibernate-configuration>