<?xml version="1.0" encoding="UTF-8"?>

<!DOCTYPE hibernate-mapping PUBLIC 
"-//Hibernate/Hibernate Mapping DTD 3.0//EN"
"http://hibernate.sourceforge.net/hibernate-mapping-3.0.dtd">

<hibernate-mapping>
 <class name="Vo.reg_Vo" table="Register">
   <id name="id" type="int" column="id">
    <generator class="increment"></generator>
   </id>
   
   <property name="fn">
    <column name="Firstname"></column>
   </property>
   
   <property name="ln">
    <column name="Lastname"></column>
   </property>
 </class>

</hibernate-mapping>